customer_id,lifetime_value,order_count,avg_order_value
CUST28,5403.85,5,1080.77
CUST6,4926.400000000001,4,1231.6000000000001
CUST18,4315.9400000000005,5,863.1880000000001
CUST34,4263.61,6,710.6016666666666
CUST25,4092.18,4,1023.045
CUST49,3951.7599999999998,3,1317.2533333333333
CUST40,3854.48,6,642.4133333333333
CUST3,3129.98,3,1043.3266666666666
CUST35,2988.6499999999996,2,1494.3249999999998
CUST39,2970.42,4,742.605
